<?xml version="1.0" encoding="UTF-8"?>
<project-private xmlns="http://www.netbeans.org/ns/project-private/1">
    <editor-bookmarks xmlns="http://www.netbeans.org/ns/editor-bookmarks/2" lastBookmarkId="0"/>
    <open-files xmlns="http://www.netbeans.org/ns/projectui-open-files/2">
        <group>
            <file>file:/C:/Users/ASUS/Downloads/LaboratorioJava/LabLuisCa/src/Controller/CTRLAerolinea.java</file>
            <file>file:/C:/Users/ASUS/Downloads/LaboratorioJava/LabLuisCa/src/Controller/CTRLAeropuerto.java</file>
            <file>file:/C:/Users/ASUS/Downloads/LaboratorioJava/LabLuisCa/src/Controller/CTRLAvion.java</file>
            <file>file:/C:/Users/ASUS/Downloads/LaboratorioJava/LabLuisCa/src/Controller/CTRLPasajero.java</file>
            <file>file:/C:/Users/ASUS/Downloads/LaboratorioJava/LabLuisCa/src/Controller/CTRLReserva.java</file>
            <file>file:/C:/Users/ASUS/Downloads/LaboratorioJava/LabLuisCa/src/Controller/CTRLVuelo.java</file>
            <file>file:/C:/Users/ASUS/Downloads/LaboratorioJava/LabLuisCa/src/DAO/DAOAerolinea.java</file>
            <file>file:/C:/Users/ASUS/Downloads/LaboratorioJava/LabLuisCa/src/DAO/DAOAeropuerto.java</file>
            <file>file:/C:/Users/ASUS/Downloads/LaboratorioJava/LabLuisCa/src/Model/Aerolinea.java</file>
            <file>file:/C:/Users/ASUS/Downloads/LaboratorioJava/LabLuisCa/src/Model/DBConnection.java</file>
            <file>file:/C:/Users/ASUS/Downloads/LaboratorioJava/LabLuisCa/src/Model/Pasajero.java</file>
            <file>file:/C:/Users/ASUS/Downloads/LaboratorioJava/LabLuisCa/src/Model/Reserva.java</file>
            <file>file:/C:/Users/ASUS/Downloads/LaboratorioJava/LabLuisCa/src/Model/Vuelo.java</file>
            <file>file:/C:/Users/ASUS/Downloads/LaboratorioJava/LabLuisCa/src/View/FormAerolineas.java</file>
            <file>file:/C:/Users/ASUS/Downloads/LaboratorioJava/LabLuisCa/src/View/FormAeropuertos.java</file>
            <file>file:/C:/Users/ASUS/Downloads/LaboratorioJava/LabLuisCa/src/View/FormPasajeros.java</file>
            <file>file:/C:/Users/ASUS/Downloads/LaboratorioJava/LabLuisCa/src/DAO/DAOPasajero.java</file>
            <file>file:/C:/Users/ASUS/Downloads/LaboratorioJava/LabLuisCa/src/DAO/DAOReserva.java</file>
            <file>file:/C:/Users/ASUS/Downloads/LaboratorioJava/LabLuisCa/src/DAO/DAOVuelo.java</file>
        </group>
    </open-files>
</project-private>
